{"cameraMode":{"drawMode":0,"name":"Shaded","section":"Shading Mode"},"sceneLighting":false,"audioPlay":false,"sceneViewState":{"m_AlwaysRefresh":false,"showFog":true,"showSkybox":false,"showFlares":true,"showImageEffects":true,"showParticleSystems":true,"showVisualEffectGraphs":true,"m_FxEnabled":true},"in2DMode":false,"pivot":{"x":0.00687563419342041,"y":0.6094304323196411,"z":0.007652640342712402},"rotation":{"x":-0.3345814347267151,"y":-0.6549342274665833,"z":0.5458706617355347,"w":-0.40145939588546755},"size":3.215404748916626,"orthographic":false}