{"cameraMode":{"drawMode":0,"name":"Shaded","section":"Shading Mode"},"sceneLighting":true,"audioPlay":false,"sceneViewState":{"m_AlwaysRefresh":false,"showFog":true,"showSkybox":true,"showFlares":true,"showImageEffects":true,"showParticleSystems":true,"showVisualEffectGraphs":true,"m_FxEnabled":true},"in2DMode":false,"pivot":{"x":8.060173988342286,"y":7.122191905975342,"z":21.649646759033204},"rotation":{"x":0.1226782351732254,"y":-0.12085577845573425,"z":0.015039341524243355,"w":0.9849608540534973},"size":19.299945831298829,"orthographic":false}